{
  "format": "synthetic_satellite_instances_v1",
  "numSat": 1,
  "Hsat_km": 500,
  "azimuth_range_deg": [
    0.0,
    360.0
  ],
  "elevation_range_deg": [
    10.0,
    80.0
  ],
  "satellites": [
    {
      "epoch_tt": 2460676.500800741,
      "radius_km": 6864.5104691662345,
      "omega_rad_s": 0.0011100806444818727,
      "r_hat0": [
        -0.1879318157471688,
        0.5582114775861313,
        0.808134629205481
      ],
      "t_hat0": [
        0.7525949346987321,
        0.6105249885581203,
        -0.24669840415357053
      ],
      "name": "SAT-1",
      "azimuth_deg": 340.34490177917934,
      "elevation_deg": 75.99014498649338,
      "heading_deg": 245.9419134582762
    }
  ]
}