{
  "format": "synthetic_satellite_instances_v1",
  "numSat": 1,
  "Hsat_km": 500,
  "azimuth_range_deg": [
    0.0,
    360.0
  ],
  "elevation_range_deg": [
    10.0,
    80.0
  ],
  "satellites": [
    {
      "epoch_tt": 2460676.500800741,
      "radius_km": 6864.5104691662345,
      "omega_rad_s": 0.0011100806444818727,
      "r_hat0": [
        -0.405380041590489,
        0.5861600651680381,
        0.7014865642920718
      ],
      "t_hat0": [
        0.9140697405829074,
        0.24985421072039954,
        0.3194516907702676
      ],
      "name": "SAT-1",
      "azimuth_deg": 123.63848873030697,
      "elevation_deg": 11.567211939589706,
      "heading_deg": 285.8716453512612
    }
  ]
}