{
  "format": "synthetic_satellite_instances_v1",
  "numSat": 1,
  "Hsat_km": 500,
  "azimuth_range_deg": [
    0.0,
    360.0
  ],
  "elevation_range_deg": [
    10.0,
    80.0
  ],
  "satellites": [
    {
      "epoch_tt": 2460676.500800741,
      "radius_km": 6864.5104691662345,
      "omega_rad_s": 0.0011100806444818727,
      "r_hat0": [
        -0.18412260789869278,
        0.5217965924135909,
        0.8329628931748095
      ],
      "t_hat0": [
        -0.4301996278789267,
        -0.8047503063223873,
        0.4090296134106393
      ],
      "name": "SAT-1",
      "azimuth_deg": 2.3199630834104656,
      "elevation_deg": 49.568784081948685,
      "heading_deg": 42.36259313386337
    }
  ]
}