{
  "format": "synthetic_satellite_instances_v1",
  "numSat": 1,
  "Hsat_km": 500,
  "azimuth_range_deg": [
    0.0,
    360.0
  ],
  "elevation_range_deg": [
    10.0,
    80.0
  ],
  "satellites": [
    {
      "epoch_tt": 2460676.500800741,
      "radius_km": 6864.5104691662345,
      "omega_rad_s": 0.0011100806444818727,
      "r_hat0": [
        -0.18738186540408092,
        0.548058488803683,
        0.8151809181819151
      ],
      "t_hat0": [
        0.9553804344662152,
        -0.09122227769529366,
        0.2809389995910653
      ],
      "name": "SAT-1",
      "azimuth_deg": 353.6631770463673,
      "elevation_deg": 67.97881919440482,
      "heading_deg": 299.5036903746295
    }
  ]
}