{
  "format": "synthetic_satellite_instances_v1",
  "numSat": 1,
  "Hsat_km": 500,
  "azimuth_range_deg": [
    0.0,
    360.0
  ],
  "elevation_range_deg": [
    10.0,
    80.0
  ],
  "satellites": [
    {
      "epoch_tt": 2460676.500800741,
      "radius_km": 6864.5104691662345,
      "omega_rad_s": 0.0011100806444818727,
      "r_hat0": [
        -0.20580303040794104,
        0.5579182043989362,
        0.8039728788181694
      ],
      "t_hat0": [
        -0.2921431872010473,
        0.7490679170895577,
        -0.5946003815665825
      ],
      "name": "SAT-1",
      "azimuth_deg": 47.23276051031176,
      "elevation_deg": 78.51614072358167,
      "heading_deg": 178.53069143474008
    }
  ]
}