{
  "format": "synthetic_satellite_instances_v1",
  "numSat": 2,
  "Hsat_km": 500,
  "azimuth_range_deg": [
    0.0,
    360.0
  ],
  "elevation_range_deg": [
    10.0,
    80.0
  ],
  "satellites": [
    {
      "epoch_tt": 2460676.500800741,
      "radius_km": 6864.5104691662345,
      "omega_rad_s": 0.0011100806444818727,
      "r_hat0": [
        -0.22526147704128643,
        0.5596700513333107,
        0.7975128215908177
      ],
      "t_hat0": [
        0.9596054751751459,
        -0.014173512026444148,
        0.2809918923576242
      ],
      "name": "SAT-1",
      "azimuth_deg": 90.71417797875425,
      "elevation_deg": 68.44648363008321,
      "heading_deg": 295.81011380655553
    },
    {
      "epoch_tt": 2460676.500800741,
      "radius_km": 6864.5104691662345,
      "omega_rad_s": 0.0011100806444818727,
      "r_hat0": [
        -0.23944040407554104,
        0.4186837206824904,
        0.8759978509857248
      ],
      "t_hat0": [
        0.9472611080492641,
        0.2986643437888412,
        0.11617229844701119
      ],
      "name": "SAT-2",
      "azimuth_deg": 30.796182262109756,
      "elevation_deg": 18.351816055091767,
      "heading_deg": 274.88148625344917
    }
  ]
}