{
  "format": "synthetic_satellite_instances_v1",
  "numSat": 1,
  "Hsat_km": 500,
  "azimuth_range_deg": [
    0.0,
    360.0
  ],
  "elevation_range_deg": [
    10.0,
    80.0
  ],
  "satellites": [
    {
      "epoch_tt": 2460676.500800741,
      "radius_km": 6864.5104691662345,
      "omega_rad_s": 0.0011100806444818727,
      "r_hat0": [
        -0.17795068744340203,
        0.46567477924926526,
        0.8668797799058234
      ],
      "t_hat0": [
        -0.6846733937119157,
        0.5741486010118758,
        -0.4489718564666543
      ],
      "name": "SAT-1",
      "azimuth_deg": 7.005075727189847,
      "elevation_deg": 27.312210923260587,
      "heading_deg": 152.97617325158794
    }
  ]
}