{
  "format": "synthetic_satellite_instances_v1",
  "numSat": 2,
  "Hsat_km": 500.0,
  "azimuth_range_deg": [
    0.0,
    360.0
  ],
  "elevation_range_deg": [
    30.0,
    80.0
  ],
  "satellites": [
    {
      "epoch_tt": 2460676.500800741,
      "radius_km": 6864.5104691662345,
      "omega_rad_s": 0.0011100806444818727,
      "r_hat0": [
        -0.1845879673613672,
        0.5616778815657938,
        0.8065018534790611
      ],
      "t_hat0": [
        0.42220251822862553,
        0.7863441011126603,
        -0.4510077474353733
      ],
      "name": "SAT-1",
      "azimuth_deg": 324.09421586047085,
      "elevation_deg": 76.2784760705894,
      "heading_deg": 221.32264650006798
    },
    {
      "epoch_tt": 2460676.500800741,
      "radius_km": 6864.5104691662345,
      "omega_rad_s": 0.0011100806444818727,
      "r_hat0": [
        -0.11655106888120753,
        0.5933179334417633,
        0.7964858305073879
      ],
      "t_hat0": [
        -0.9100700361088705,
        0.2573483756347554,
        -0.3248758885096771
      ],
      "name": "SAT-2",
      "azimuth_deg": 271.7774344514378,
      "elevation_deg": 39.101908193301405,
      "heading_deg": 129.18050794941396
    }
  ]
}