{
  "format": "synthetic_satellite_instances_v1",
  "numSat": 2,
  "Hsat_km": 500.0,
  "azimuth_range_deg": [
    0.0,
    360.0
  ],
  "elevation_range_deg": [
    30.0,
    80.0
  ],
  "satellites": [
    {
      "epoch_tt": 2460676.500800741,
      "radius_km": 6864.5104691662345,
      "omega_rad_s": 0.0011100806444818727,
      "r_hat0": [
        -0.1622676028129212,
        0.5869285589995545,
        0.7932112528879395
      ],
      "t_hat0": [
        0.7904444930147283,
        0.5584969486096516,
        -0.25155250318054345
      ],
      "name": "SAT-1",
      "azimuth_deg": 260.47307473568736,
      "elevation_deg": 60.69120297421459,
      "heading_deg": 248.79739819012434
    },
    {
      "epoch_tt": 2460676.500800741,
      "radius_km": 6864.5104691662345,
      "omega_rad_s": 0.0011100806444818727,
      "r_hat0": [
        -0.19867770307721777,
        0.5997755216871444,
        0.7751106333194474
      ],
      "t_hat0": [
        -0.44760238096682964,
        0.6480485852308107,
        -0.6161859619734694
      ],
      "name": "SAT-2",
      "azimuth_deg": 194.8976526319508,
      "elevation_deg": 62.06181129348177,
      "heading_deg": 168.12526757890637
    }
  ]
}