{
  "format": "synthetic_satellite_instances_v1",
  "numSat": 2,
  "Hsat_km": 500.0,
  "azimuth_range_deg": [
    0.0,
    360.0
  ],
  "elevation_range_deg": [
    30.0,
    80.0
  ],
  "satellites": [
    {
      "epoch_tt": 2460676.500800741,
      "radius_km": 6864.5104691662345,
      "omega_rad_s": 0.0011100806444818727,
      "r_hat0": [
        -0.131246479723807,
        0.5540595704401831,
        0.8220659060949725
      ],
      "t_hat0": [
        0.466812810527801,
        0.7660905584779425,
        -0.4418043188314138
      ],
      "name": "SAT-1",
      "azimuth_deg": 306.90738356561246,
      "elevation_deg": 43.97828379434394,
      "heading_deg": 224.16940837970228
    },
    {
      "epoch_tt": 2460676.500800741,
      "radius_km": 6864.5104691662345,
      "omega_rad_s": 0.0011100806444818727,
      "r_hat0": [
        -0.1999442395307816,
        0.5896356819285798,
        0.7825292733662276
      ],
      "t_hat0": [
        -0.8430833084266195,
        0.30339833336567595,
        -0.44402701084884
      ],
      "name": "SAT-2",
      "azimuth_deg": 191.78156466812857,
      "elevation_deg": 70.45884178404438,
      "heading_deg": 136.0834721111276
    }
  ]
}