{
  "format": "synthetic_satellite_instances_v1",
  "numSat": 2,
  "Hsat_km": 500.0,
  "azimuth_range_deg": [
    0.0,
    360.0
  ],
  "elevation_range_deg": [
    30.0,
    80.0
  ],
  "satellites": [
    {
      "epoch_tt": 2460676.500800741,
      "radius_km": 6864.5104691662345,
      "omega_rad_s": 0.0011100806444818727,
      "r_hat0": [
        -0.17065278740553824,
        0.6054808654741087,
        0.7773484081770827
      ],
      "t_hat0": [
        -0.07939594043675902,
        -0.7948054091537139,
        0.6016482745110803
      ],
      "name": "SAT-1",
      "azimuth_deg": 229.6288728352035,
      "elevation_deg": 55.02184383929266,
      "heading_deg": 19.894292317205277
    },
    {
      "epoch_tt": 2460676.500800741,
      "radius_km": 6864.5104691662345,
      "omega_rad_s": 0.0011100806444818727,
      "r_hat0": [
        -0.23400663306154074,
        0.5303947232461431,
        0.8148142937110571
      ],
      "t_hat0": [
        -0.9612742145020162,
        -0.0007308714996158705,
        -0.2755927255215253
      ],
      "name": "SAT-2",
      "azimuth_deg": 57.436368463112835,
      "elevation_deg": 52.20342147220914,
      "heading_deg": 114.85255479763717
    }
  ]
}