{
  "format": "synthetic_satellite_instances_v1",
  "numSat": 1,
  "Hsat_km": 500.0,
  "azimuth_range_deg": [
    0.0,
    360.0
  ],
  "elevation_range_deg": [
    30.0,
    80.0
  ],
  "satellites": [
    {
      "epoch_tt": 2460676.500800741,
      "radius_km": 6864.5104691662345,
      "omega_rad_s": 0.0011100806444818727,
      "r_hat0": [
        -0.2141974206167954,
        0.589995723365174,
        0.7784757616084889
      ],
      "t_hat0": [
        0.19251917500789179,
        0.8068399617711847,
        -0.5585209426184072
      ],
      "name": "SAT-1",
      "azimuth_deg": 165.73060458898632,
      "elevation_deg": 65.65890582846079,
      "heading_deg": 206.7860070494445
    }
  ]
}