{
  "format": "synthetic_satellite_instances_v1",
  "numSat": 1,
  "Hsat_km": 500.0,
  "azimuth_range_deg": [
    0.0,
    360.0
  ],
  "elevation_range_deg": [
    30.0,
    80.0
  ],
  "satellites": [
    {
      "epoch_tt": 2460676.500800741,
      "radius_km": 6864.5104691662345,
      "omega_rad_s": 0.0011100806444818727,
      "r_hat0": [
        -0.21624818990980585,
        0.6459009100482799,
        0.7321534912568106
      ],
      "t_hat0": [
        -0.9724391059518112,
        -0.209442627351561,
        -0.10244984657732494
      ],
      "name": "SAT-1",
      "azimuth_deg": 184.84369067201894,
      "elevation_deg": 33.368491465598574,
      "heading_deg": 99.37792951132555
    }
  ]
}