{
  "format": "synthetic_satellite_instances_v1",
  "numSat": 1,
  "Hsat_km": 500.0,
  "azimuth_range_deg": [
    0.0,
    360.0
  ],
  "elevation_range_deg": [
    30.0,
    80.0
  ],
  "satellites": [
    {
      "epoch_tt": 2460676.500800741,
      "radius_km": 6864.5104691662345,
      "omega_rad_s": 0.0011100806444818727,
      "r_hat0": [
        -0.1434822032659199,
        0.5967180977363675,
        0.7895190746143176
      ],
      "t_hat0": [
        0.495092506775229,
        0.734048492869711,
        -0.4648184805391517
      ],
      "name": "SAT-1",
      "azimuth_deg": 259.4960424982448,
      "elevation_deg": 48.89110304958366,
      "heading_deg": 225.4812424309295
    }
  ]
}