{
  "format": "synthetic_satellite_instances_v1",
  "numSat": 1,
  "Hsat_km": 500.0,
  "azimuth_range_deg": [
    0.0,
    360.0
  ],
  "elevation_range_deg": [
    30.0,
    80.0
  ],
  "satellites": [
    {
      "epoch_tt": 2460676.500800741,
      "radius_km": 6864.5104691662345,
      "omega_rad_s": 0.0011100806444818727,
      "r_hat0": [
        -0.22426966469295992,
        0.5731753875089439,
        0.7881453499529636
      ],
      "t_hat0": [
        0.32734741152984637,
        0.8060629616055273,
        -0.4930579824852608
      ],
      "name": "SAT-1",
      "azimuth_deg": 124.45909543776605,
      "elevation_deg": 68.80073115039357,
      "heading_deg": 215.2804240643831
    }
  ]
}