{
  "format": "synthetic_satellite_instances_v1",
  "numSat": 3,
  "Hsat_km": 500.0,
  "azimuth_range_deg": [
    0.0,
    360.0
  ],
  "elevation_range_deg": [
    30.0,
    80.0
  ],
  "satellites": [
    {
      "epoch_tt": 2460676.500800741,
      "radius_km": 6864.5104691662345,
      "omega_rad_s": 0.0011100806444818727,
      "r_hat0": [
        -0.16282809314859883,
        0.5426669811440027,
        0.8240142957847552
      ],
      "t_hat0": [
        -0.4176462097698948,
        -0.7945569400467247,
        0.4407390526019072
      ],
      "name": "SAT-1",
      "azimuth_deg": 331.36206316304555,
      "elevation_deg": 54.35115694448075,
      "heading_deg": 41.2134157973524
    },
    {
      "epoch_tt": 2460676.500800741,
      "radius_km": 6864.5104691662345,
      "omega_rad_s": 0.0011100806444818727,
      "r_hat0": [
        -0.20125210874331165,
        0.5957218416937797,
        0.777568695393109
      ],
      "t_hat0": [
        0.960586488560523,
        -0.03537283686884909,
        0.27572152691948854
      ],
      "name": "SAT-2",
      "azimuth_deg": 190.35862755788054,
      "elevation_deg": 65.02826820873445,
      "heading_deg": 296.64625765321426
    },
    {
      "epoch_tt": 2460676.500800741,
      "radius_km": 6864.5104691662345,
      "omega_rad_s": 0.0011100806444818727,
      "r_hat0": [
        -0.21656042427401775,
        0.5867510806687167,
        0.7802722293996823
      ],
      "t_hat0": [
        -0.4980941661839919,
        -0.7537948514377794,
        0.42859715766599543
      ],
      "name": "SAT-3",
      "azimuth_deg": 158.45600418326126,
      "elevation_deg": 66.82992365907924,
      "heading_deg": 46.14100580128701
    }
  ]
}