{
  "format": "synthetic_satellite_instances_v1",
  "numSat": 3,
  "Hsat_km": 500.0,
  "azimuth_range_deg": [
    0.0,
    360.0
  ],
  "elevation_range_deg": [
    30.0,
    80.0
  ],
  "satellites": [
    {
      "epoch_tt": 2460676.500800741,
      "radius_km": 6864.5104691662345,
      "omega_rad_s": 0.0011100806444818727,
      "r_hat0": [
        -0.24154816151673697,
        0.5816552731804934,
        0.7767442493184035
      ],
      "t_hat0": [
        0.7789337444619442,
        -0.36115040228540185,
        0.5126720283647113
      ],
      "name": "SAT-1",
      "azimuth_deg": 132.65690436365716,
      "elevation_deg": 55.17742134712229,
      "heading_deg": 322.1080089801628
    },
    {
      "epoch_tt": 2460676.500800741,
      "radius_km": 6864.5104691662345,
      "omega_rad_s": 0.0011100806444818727,
      "r_hat0": [
        -0.21380114432035807,
        0.5573404676286668,
        0.8022846588529314
      ],
      "t_hat0": [
        0.16220406764668346,
        -0.7896201767141731,
        0.5917683811802962
      ],
      "name": "SAT-2",
      "azimuth_deg": 68.49220492299412,
      "elevation_deg": 74.62772084380504,
      "heading_deg": 6.338676273883008
    },
    {
      "epoch_tt": 2460676.500800741,
      "radius_km": 6864.5104691662345,
      "omega_rad_s": 0.0011100806444818727,
      "r_hat0": [
        -0.1399749534644132,
        0.5785848600148763,
        0.8035213576279112
      ],
      "t_hat0": [
        0.48375911952986445,
        0.74802485957916,
        -0.4543522022872438
      ],
      "name": "SAT-3",
      "azimuth_deg": 281.41372191543786,
      "elevation_deg": 50.171074397482364,
      "heading_deg": 224.97650975089078
    }
  ]
}